{"cameraMode":{"drawMode":0,"name":"Shaded","section":"Shading Mode"},"sceneLighting":false,"audioPlay":false,"sceneViewState":{"m_AlwaysRefresh":false,"showFog":true,"showSkybox":false,"showFlares":true,"showImageEffects":true,"showParticleSystems":true,"showVisualEffectGraphs":true,"m_FxEnabled":true},"in2DMode":false,"pivot":{"x":-58.39176940917969,"y":2.5301685333251955,"z":-0.509906530380249},"rotation":{"x":-0.009304516948759556,"y":0.9702168703079224,"z":-0.24291454255580903,"w":-0.027263738214969636},"size":2.975179672241211,"orthographic":false}