{"cameraMode":{"drawMode":0,"name":"Shaded","section":"Shading Mode"},"sceneLighting":false,"audioPlay":false,"sceneViewState":{"m_AlwaysRefresh":false,"showFog":true,"showSkybox":false,"showFlares":true,"showImageEffects":true,"showParticleSystems":true,"showVisualEffectGraphs":true,"m_FxEnabled":true},"in2DMode":false,"pivot":{"x":-5.960464477539063e-8,"y":0.1399996280670166,"z":0.8385000228881836},"rotation":{"x":-0.09400784969329834,"y":-0.6987968683242798,"z":0.09338824450969696,"w":-0.7029799222946167},"size":1.1175637245178223,"orthographic":false}